1,IMG_2390.jpg
1,IMG_1103.jpg
1,IMG_0852.jpg
1,IMG_2725.jpg
1,pen-1.jpg
1,noah.jpg
1,IMG_9132.jpg
1,IMG_9202.jpg
1,jessica.jpg
1,monica-1.jpg
1,monica-2.jpg

2,chloe-1.jpg
2,IMG_1116.jpg
2,juliana.jpg
2,sharlyn.jpg
2,diltsy.jpg
2,Monica.jpg
2,IMG_0245.jpg
2,kristin.jpg
2,mary-2.jpg

3,cory-1.jpg
3,cory-3.jpg
3,cory-2.jpg
3,heidi-1.jpg
3,heidi-2.jpg
3,heidi-3.jpg
3,kerry-2.jpg
3,Julene-3.jpg
3,Julene-2.jpg
3,hailey-1.jpg
3,hailey-2.jpg

4,Baylie-2.jpg
4,Baylie.jpg
4,Rhiannon.jpg
4,Rhiannon-2.jpg
4,Heidi.jpg
4,Heid-2.jpg
4,Hailey.jpg
4,Devi.jpg